Name,Year Employed,Division,Part Time/Full Time,Gender,Currently Employed
Sydney Burright,2023,PD,Full Time,F,Yes
Alexis Rios,2025,PD,Full Time,F,Yes
Fia Cohen,2026,PD,Full Time,F,Yes
Brayden Will,2026,PD,Full Time,M,Yes
Jackson Ebeling,2024,PD,Full Time,M,Yes
Addy Combs,2020,Leadership,Full Time,F,Yes
Paulo Maggiulli,2022,PD,Full Time,M,Yes
Daniel Olivares,2025,PD,Full Time,M,Yes
Maddie Hansen,2025,Sales,Full Time,F,No
Miranda Smith,2026,Promotions,Full Time,F,Yes
Autumn Prante,2025,Promotions,Full Time,F,No
Mariah Narduzzo,2025,PD,Full Time,F,No
Marinna Brennan,2024,PD,Full Time,F,No
Reagan Thomas,2023,Promotions,Full Time,F,No
Andrew Botwinik,2023,Sales,Full Time,M,Yes
Adam Dobbins,2023,Sales,Full Time,M,No
Doug Boyd,2024,Sales,Full Time,M,No
Jackie Mahr,2018,Sales,Part Time,F,Yes
Denise Isenberger,2019,Sales,Part Time,F,Yes
Curt Hrabik,2019,Sales,Part Time,M,Yes
Cassie Sorenson,2026,Leadership,Full Time,F,Yes
Devon Kincade,2026,Operations,Full Time,F,Yes
Patrick Combs,2019,Leadership,Full Time,M,Yes
Julie Hansen,2023,Leadership,Full Time,F,Yes
Chris Walz,2014,Leadership,Full Time,M,Yes
Wes Stingley,2018,Operations,Full Time,M,Yes
Kahm Broham,2025,Operations,Full Time,M,Yes
Dave Wingert,2015,Host,Part Time,M,Yes
Chuck Denver,2022,Host,Part Time,M,Yes
Chuck Yates,2023,Host,Part Time,M,Yes
Jack Swanda,2015,Host,Part Time,M,Yes
Neil Nelkin,2017,Host,Part Time,M,Yes
Tom Seline,2019,Sports,Part Time,M,Yes
Karla James,2023,Host,Part Time,F,Yes
Peggie Sweet,2023,Host,Part Time,F,Yes
Tammy Hogg,2018,Operations,Full Time,F,Yes
Brent Wasenius,2021,Host,Part Time,M,Yes
Radar Ranney,2026,Operations,Part Time,F,Yes
Grant Hansen,2024,Host,Full Time,M,Yes
Ruth McCully,2026,Sales,Full Time,F,Yes
Marnie Simpson,2026,Sales,Full Time,F,Yes
Barry Reker,2014,Sales,Full Time,M,Yes
Nick Handley,2025,Host,Full Time,M,Yes
Lee Legenhausen,2022,Sales,Part Time,M,Yes
Lesley Dewey ,2026,Leadership,Full Time,F,No
Joslyne DeBonis,2026,PD,Full Time,F,Yes
Emily Martin-Paulsen,2024,Sales,Full Time,F,No
Emily Cole,2025,Operations,Full Time,F,No
Kyle Gillispie,2026,Sales,Full Time,M,No
Janet Larsen,2021,Sales,Full Time,F,No
Marsha O'Gara,2025,Sales,Full Time,F,No
Nate Portz,2024,Sales,Full Time,M,No
Connor Ebeling,2025,Sales,Full Time,M,No
Dominique Doiron,2024,Sales,Full Time,F,No
Dana Cox,2023,Promotions,Full Time,F,No
Janel Reeves,2019,Operations,Full Time,F,No
Dan Matuella,2020,Leadership,Full Time,M,No
Nick Buras,2018,Operations,Part Time,M,No
Mac McKoy,2021,Sales,Full Time,M,No
Heather Nielsen,2023,Sales,Full Time,F,No
Kris Davis,2023,Operations,Full Time,F,No
Jameson Brettmann,2023,Sales,Full Time,M,No
Kapri McBride,2023,Sales,Full Time,F,No
Ross Costantino,2023,Sales,Full Time,M,No
Bob Flittie,2014,Host,Part Time,M,No
Tina Karns,2023,Operations,Full Time,F,No
Mo Sedky,2023,Sales,Full Time,M,No
Riccardo Montgomery,2023,Sales,Full Time,M,No
Bailey Hackett,2024,Promotions,Full Time,F,No
Jessica Boucher,2024,Sales,Full Time,F,No
Carie Anderson,2024,Leadership,Full Time,F,No
Tim Tergeoglou,2024,Sales,Full Time,M,No
Sue Seline,2014,Sales,Part Time,F,Yes
Heather Anderson,2024,Sales,Full Time,F,No
Tyson Agler,2025,Sales,Full Time,M,No
Shelley Schram,2025,Leadership,Full Time,F,No
Jodi Schneider,2025,Sales,Full Time,F,No
Michael Andreasen,2025,Sales,Full Time,M,No
Kaitlin Groepper,2025,Operations,Full Time,F,No
Ethan Nemec,2024,Sales,Full Time,M,No
Josh Nelson ,2024,Host,Part Time,M,No
Aaron Hoffman,2024,Sales,Full Time,M,No
Susan McCrite,2024,Sales,Full Time,F,No
Brian Lindaas,2023,Sales,Full Time,M,No
Joanna Topham,2023,Promotions,Full Time,F,No
Kevin White,2024,Host,Part Time,M,No
Nick Seline,2023,Leadership,Full Time,M,Yes
Steve Schwarting,2022,Sales,Full Time,M,No
Julianne Plourde,2021,Promotions,Full Time,F,No
Todd Studer,2023,Leadership,Full Time,M,No
Dawn Villone,2023,Leadership,Full Time,F,No
Sterling,2022,Host,Part Time,F,No
Madonna Kilpatrick,2014,Operations,Full Time,F,No
Terri Ancona,2020,Sales,Full Time,F,No
Sam Trioa,2022,Sales,Full Time,M,No
Kim Elliot,2020,Sales,Full Time,F,No
Gunnar Guenette,2021,Sales,Full Time,M,No
Rich Ray,2014,Host,Part Time,M,No
Shari Stone,2021,Host,Part Time,F,No
Jessica Dol,2017,Host,Part Time,F,No
Aaron Martin,2020,Sales,Full Time,M,No
AJ Brantley,2020,Sales,Full Time,M,No
